,,,,,,,,,,,,,BPMS Components (For Blockchain Tasks),,,,,Resource Allocation,,,,,,,,On-Chain Integrity,,,,Evaluatiom Metrics,,,,,,,,
Included,ID,Citekey,Year,Authors,Title,ID,DOI,Base-Tool,Implementation,Blockchain Selection,Model,BPMN Elements,External Services,Worklist,Monitoring,Modelling tool,Model Repository,Strategy,At,Assig. Cap.,Enforcement,Process Flexibility,Control-Flow Enforcement,Temportal Const. Enf.,Token-Transfer Enf.,Exec. Trace,Model,Instance Data,Evaluation Method,Finality,Correctness,Cost,Throughput,Qualitative,Replication Pckg.,Open Sourced,Comments,Double-Checked
FALSE,,,2019,"W Viriyasitavat, D Hoonsopon",Blockchain characteristics and consensus in modern business processes,,,,,,,,FALSE,FALSE,FALSE,FALSE,FALSE,,,,FALSE,,,FALSE,FALSE,FALSE,FALSE,FALSE,,FALSE,FALSE,FALSE,FALSE,FALSE,FALSE,FALSE,,
TRUE,0,ladleifModelingEnforcingBlockchainBased2019,2019,"J Ladleif, M Weske, I Weber",Modeling and enforcing blockchain-based choreographies,,10.1007/978-3-030-26619-6_7,,MDE,Ethereum Smart Contract,BPMN Choreography diagram,"Task, Script Task, Data Object, X, +, Event-based Gateway, ",TRUE,FALSE,FALSE,FALSE,FALSE,Role-based,Instantiation,,TRUE,,Data-Based Routing,TRUE,FALSE,TRUE,FALSE,TRUE,Case Study,FALSE,FALSE,TRUE,FALSE,TRUE,TRUE,FALSE,,TRUE
TRUE,1,garcia-banuelosOptimizedExecutionBusiness2017a,2017,"L García-Bañuelos, A Ponomarev, M Dumas…",Optimized execution of business processes on blockchain,Optimized execution of business processes on blockchain,10.1007/978-3-319-65000-5_8,,MDE,Ethereum Smart Contract,BPMN Process diagram,"Task, Script Task, User Task, Message Events (unclear if both catching and throwing), X, +, Event-Based Gateway",FALSE,FALSE,FALSE,FALSE,FALSE,,,1-1,FALSE,,Data-Based Routing,FALSE,FALSE,TRUE,FALSE,TRUE,Case Study,FALSE,TRUE,TRUE,TRUE,FALSE,FALSE,FALSE,"Focus is on optimzed compilation, Does not describe resource or BPMS aspetcs.",TRUE
FALSE,,,2020,"R Yang, R Wakefield, S Lyu, S Jayasuriya, F Han…",Public and private blockchain in construction business process and information integration,,,,,,,,FALSE,FALSE,FALSE,FALSE,FALSE,,,,FALSE,,,FALSE,FALSE,FALSE,FALSE,FALSE,,FALSE,FALSE,FALSE,FALSE,FALSE,FALSE,FALSE,,
FALSE,,,2020,"W Viriyasitavat, L Da Xu, Z Bi…",Blockchain-based business process management (BPM) framework for service composition in industry 4.0,,10.1007/s10845-018-1422-y,,,,,,FALSE,FALSE,FALSE,FALSE,FALSE,,,,FALSE,,,FALSE,FALSE,FALSE,FALSE,FALSE,,FALSE,FALSE,FALSE,FALSE,FALSE,FALSE,FALSE,,
FALSE,,,2018,"G Fridgen, S Radszuwill, N Urbach, L Utz","Cross-Organizational Workflow Management Using Blockchain Technology: Towards Applicability, Auditability, and Automation",,,,,,,,FALSE,FALSE,FALSE,FALSE,FALSE,,,,FALSE,,,FALSE,FALSE,FALSE,FALSE,FALSE,,FALSE,FALSE,FALSE,FALSE,FALSE,FALSE,FALSE,,
FALSE,,,2019,"AS Erri Pradeep, TW Yiu, R Amor",Leveraging blockchain technology in a BIM workflow: A literature review,,,,,,,,FALSE,FALSE,FALSE,FALSE,FALSE,,,,FALSE,,,FALSE,FALSE,FALSE,FALSE,FALSE,,FALSE,FALSE,FALSE,FALSE,FALSE,FALSE,FALSE,,
FALSE,,,2019,"NO Nawari, S Ravindran",Blockchain technologies in BIM workflow environment,,,,,,,,FALSE,FALSE,FALSE,FALSE,FALSE,,,,FALSE,,,FALSE,FALSE,FALSE,FALSE,FALSE,,FALSE,FALSE,FALSE,FALSE,FALSE,FALSE,FALSE,,
TRUE,2,corradiniEngineeringTrustableChoreographybased2020a,2020,"F Corradini, A Marcelletti, A Morichetta…",Engineering trustable choreography-based systems using blockchain,Engineering trustable choreography-based systems using blockchain,10.1145/3341105.3373988,ChorChain,MDE,Ethereum Smart Contract,BPMN Choreography diagram,"Task, X, +, Event-based Gateway, Message",FALSE,TRUE,TRUE,TRUE,TRUE,Role-based,Instantiation,1-1,TRUE,,Data-Based Routing,FALSE,TRUE,TRUE,FALSE,TRUE,Case Study,FALSE,FALSE,TRUE,FALSE,FALSE,TRUE,FALSE,"Roles can be defined ""optional"" so they don't have to be bound. Replication package (generated smart contract) is linked, but can not be accessed anymore. Etherscan link is included.",TRUE
FALSE,,,2019,"C Di Ciccio, A Cecconi, M Dumas…",Blockchain support for collaborative business processes,,10.1007/s00287-019-01178-x,,,,,,FALSE,FALSE,FALSE,FALSE,FALSE,,,,FALSE,,,FALSE,FALSE,FALSE,FALSE,FALSE,,FALSE,FALSE,FALSE,FALSE,FALSE,FALSE,FALSE,,
FALSE,,,2019,"W Viriyasitavat, L Da Xu, Z Bi…",Blockchain and internet of things for modern business process in digital economy—the state of the art,,,,,,,,FALSE,FALSE,FALSE,FALSE,FALSE,,,,FALSE,,,FALSE,FALSE,FALSE,FALSE,FALSE,,FALSE,FALSE,FALSE,FALSE,FALSE,FALSE,FALSE,,
TRUE,3,weberUntrustedBusinessProcess2016a,2016,"I Weber, X Xu, R Riveret, G Governatori…",Untrusted business process monitoring and execution using blockchain,Untrusted business process monitoring and execution using blockchain,10.1007/978-3-319-45348-4_19,,MDE,Ethereum Smart Contract,BPMN Choreography diagram,"Task, +, X, Script Task",TRUE,FALSE,FALSE,TRUE,FALSE,Role-based,Instantiation,1-1,TRUE,,Naive Routing,FALSE,TRUE,TRUE,FALSE,TRUE,Case Study,TRUE,TRUE,TRUE,FALSE,TRUE,TRUE,FALSE,"Discusses Trust, Privacy, Off-Chaining (for large data payloads). Has two modes of operation: Perform data operations off-chain or on-chain. It supports escrow payment. It links to etherscan which enables to (at least partly) verify the evaluation.",TRUE
FALSE,,,2017,"O López-Pintado, L García-Bañuelos, M Dumas…",Caterpillar: A Blockchain-Based Business Process Management System.,,,,MDE,Ethereum Smart Contract,BPMN Process diagram,"Swimlane, Task, User, Script, Service Task, Parallel and Sequential, X, +, Event-based, Message and Signal Events, Throwing and Catching, Boundary interrupting and noninterrupting. ",TRUE,TRUE,TRUE,TRUE,TRUE,,,,FALSE,,Data-Based Routing,FALSE,FALSE,TRUE,FALSE,TRUE,Case Study,FALSE,TRUE,TRUE,FALSE,FALSE,FALSE,TRUE,"It suggests keeping sizeable data off-chain, and an on-chain link, with a hash for integrity.",
TRUE,4,madsenCollaborationAdversariesDistributed2018a,2018,"MF Madsen, M Gaub, T Høgnason…",Collaboration among adversaries: distributed workflow execution on a blockchain,Collaboration among adversaries: distributed workflow execution on a blockchain,,,Manual,Ethereum Smart Contract,Dynamic-Condtion Response Graph,,FALSE,TRUE,FALSE,FALSE,FALSE,Direct,Instantiation,,TRUE,Looseness,Naive Routing,FALSE,FALSE,TRUE,FALSE,FALSE,Case Study,FALSE,FALSE,TRUE,FALSE,FALSE,TRUE,TRUE,"Uses calldata, gives some discussion on finality",TRUE
FALSE,,,2016,"F Milani, L García-Bañuelos, M Dumas",Blockchain and business process improvement,,,,,,,,FALSE,FALSE,FALSE,FALSE,FALSE,,,,FALSE,,,FALSE,FALSE,FALSE,FALSE,FALSE,,FALSE,FALSE,FALSE,FALSE,FALSE,FALSE,FALSE,,
FALSE,,,2017,"P Rimba, AB Tran, I Weber, M Staples…",Comparing blockchain and cloud services for business process execution,,,,,,,,FALSE,FALSE,FALSE,FALSE,FALSE,,,,FALSE,,,FALSE,FALSE,FALSE,FALSE,FALSE,,FALSE,FALSE,FALSE,FALSE,FALSE,FALSE,FALSE,,
FALSE,,,2019,"M Li, L Shen, GQ Huang",Blockchain-enabled workflow operating system for logistics resources sharing in E-commerce logistics real estate service,,,,,,,,FALSE,FALSE,FALSE,FALSE,FALSE,,,,FALSE,,,FALSE,FALSE,FALSE,FALSE,FALSE,,FALSE,FALSE,FALSE,FALSE,FALSE,FALSE,FALSE,,
FALSE,,,2019,"SE Chang, YC Chen, TC Wu",Exploring blockchain technology in international trade: Business process re-engineering for letter of credit,,,,,,,,FALSE,FALSE,FALSE,FALSE,FALSE,,,,FALSE,,,FALSE,FALSE,FALSE,FALSE,FALSE,,FALSE,FALSE,FALSE,FALSE,FALSE,FALSE,FALSE,,
FALSE,,,2019,"Y Wang, SK Lahiri, S Chen, R Pan, I Dillig…",Formal verification of workflow policies for smart contracts in azure blockchain,,,,,,,,FALSE,FALSE,FALSE,FALSE,FALSE,,,,FALSE,,,FALSE,FALSE,FALSE,FALSE,FALSE,,FALSE,FALSE,FALSE,FALSE,FALSE,FALSE,FALSE,,
FALSE,,,2020,"A Celesti, A Ruggeri, M Fazio, A Galletta, M Villari…",Blockchain-based healthcare workflow for tele-medical laboratory in federated hospital IoT clouds,,,,,,,,FALSE,FALSE,FALSE,FALSE,FALSE,,,,FALSE,,,FALSE,FALSE,FALSE,FALSE,FALSE,,FALSE,FALSE,FALSE,FALSE,FALSE,FALSE,FALSE,,
FALSE,,,2018,"AB Tran, Q Lu, I Weber",Lorikeet: A Model-Driven Engineering Tool for Blockchain-Based Business Process Execution and Asset Management.,,,,,,,,FALSE,FALSE,FALSE,FALSE,FALSE,,,,FALSE,,,FALSE,FALSE,FALSE,FALSE,FALSE,,FALSE,FALSE,FALSE,FALSE,FALSE,FALSE,FALSE,,
FALSE,,,2019,"G Falazi, M Hahn, U Breitenbücher…",Modeling and execution of blockchain-aware business processes,,10.1007/s00450-019-00399-5,,,,,,FALSE,FALSE,FALSE,FALSE,FALSE,,,,FALSE,,,FALSE,FALSE,FALSE,FALSE,FALSE,,FALSE,FALSE,FALSE,FALSE,FALSE,FALSE,FALSE,,
FALSE,,,2018,"DMEDM Hussein, M Hamed…",A blockchain technology evolution between business process management (BPM) and Internet-of-Things (IoT),,,,,,,,FALSE,FALSE,FALSE,FALSE,FALSE,,,,FALSE,,,FALSE,FALSE,FALSE,FALSE,FALSE,,FALSE,FALSE,FALSE,FALSE,FALSE,FALSE,FALSE,,
TRUE,5,boreUsingBlockchainBased2019a,2019,"N Bore, A Kinai, J Mutahi, D Kaguma…",On using blockchain based workflows,On using blockchain based workflows,,,MDE,Hyperledger Chaincode,Undescribed workflow model,,TRUE,TRUE,FALSE,TRUE,TRUE,Role-based,Design Time,,TRUE,,Naive Routing,FALSE,FALSE,TRUE,TRUE,TRUE,Assertion,FALSE,FALSE,FALSE,FALSE,FALSE,FALSE,FALSE,Stores hash of large files and encryption key of externaly stored files. Evaluated by Assertion: a prototype is built to prove its feasability.,TRUE
TRUE,6,lopez-pintadoCaterpillarBusinessProcess2019a,2019,"O López‐Pintado, L García‐Bañuelos…",Caterpillar: a business process execution engine on the Ethereum blockchain,Caterpillar: a business process execution engine on the Ethereum blockchain,10.1002/spe.2702,Caterpillar,MDE,Ethereum Smart Contract,BPMN Process diagram,"Swimlane, Task, User, Script, Service Task, Parallel and Sequential, X, +, Event-based, Message and Signal Events, Throwing and Catching, Boundary interrupting and noninterrupting. ",TRUE,TRUE,TRUE,TRUE,TRUE,,,,FALSE,,Data-Based Routing,FALSE,FALSE,TRUE,FALSE,TRUE,Case Study,FALSE,TRUE,TRUE,FALSE,FALSE,FALSE,TRUE,"It suggests keeping sizeable data off-chain, and an on-chain link, with a hash for integrity.",TRUE
FALSE,,,2020,"JA Garcia-Garcia, N Sánchez-Gómez, D Lizcano…",Using blockchain to improve collaborative business process management: Systematic literature review,,,,,,,,FALSE,FALSE,FALSE,FALSE,FALSE,,,,FALSE,,,FALSE,FALSE,FALSE,FALSE,FALSE,,FALSE,FALSE,FALSE,FALSE,FALSE,FALSE,FALSE,,
FALSE,,,2018,"B Carminati, C Rondanini…",Confidential business process execution on blockchain,,,,,,,,FALSE,FALSE,FALSE,FALSE,FALSE,,,,FALSE,,,FALSE,FALSE,FALSE,FALSE,FALSE,,FALSE,FALSE,FALSE,FALSE,FALSE,FALSE,FALSE,,
TRUE,7,lopez-pintadoDynamicRoleBinding2019a,2019,"O López-Pintado, M Dumas, L García-Bañuelos…",Dynamic role binding in blockchain-based collaborative business processes,Dynamic role binding in blockchain-based collaborative business processes,10.1007/978-3-030-21290-2_25,Caterpillar,MDE,Ethereum Smart Contract,"BPMN Process diagram, Binding Policy","Swimlane, Task, User, Script, Service Task, Parallel and Sequential, X, +, Event-based, Message and Signal Events, Throwing and Catching, Boundary interrupting and noninterrupting. ",TRUE,TRUE,TRUE,TRUE,TRUE,Dynamic,Run Time,1-1,TRUE,,Data-Based Routing,FALSE,FALSE,TRUE,FALSE,TRUE,Assertion,FALSE,FALSE,TRUE,FALSE,FALSE,FALSE,TRUE,,TRUE
FALSE,,,2018,"CD Ciccio, A Cecconi, J Mendling, D Felix…",Blockchain-based traceability of inter-organisational business processes,,10.1007/978-3-319-94214-8_4,,,,,,FALSE,FALSE,FALSE,FALSE,FALSE,,,,FALSE,,,FALSE,FALSE,FALSE,FALSE,FALSE,,FALSE,FALSE,FALSE,FALSE,FALSE,FALSE,FALSE,,
TRUE,8,prybilaRuntimeVerificationBusiness2020a,2020,"C Prybila, S Schulte, C Hochreiner, I Weber",Runtime verification for business processes utilizing the Bitcoin blockchain,Runtime verification for business processes utilizing the Bitcoin blockchain,,,Unclear,Bitcoin,BPMN Choreography diagram,"Task, X, +",TRUE,FALSE,FALSE,FALSE,FALSE,Direct,Run Time,1-1,FALSE,,,FALSE,FALSE,TRUE,FALSE,TRUE,Case Study,TRUE,TRUE,TRUE,FALSE,TRUE,FALSE,FALSE,"Open Sourced, but link no accessible anymore. Focus on on-chain aspects, off-chain verification approach is not described (so it is unclear whether it is manual or not, but in theorey any conformance checking method could be used). Strictly, speaking resource allocation is not enforced on-chain but off-chain.",TRUE
FALSE,,,2020,"X Xu, Y Chen, Y Yuan, T Huang, X Zhang…",Blockchain-based cloudlet management for multimedia workflow in mobile cloud computing,,,,,,,,FALSE,FALSE,FALSE,FALSE,FALSE,,,,FALSE,,,FALSE,FALSE,FALSE,FALSE,FALSE,,FALSE,FALSE,FALSE,FALSE,FALSE,FALSE,FALSE,,
TRUE,9,luIntegratedModelDriven2021a,2021,"Q Lu, A Binh Tran, I Weber, H O'Connor…",Integrated model‐driven engineering of blockchain applications for business processes and asset management,Integrated model‐driven engineering of blockchain applications for business processes and asset management,10.1002/spe.2931,,MDE,Ethereum Smart Contract,"BPMN Process diagram, UML Class diagram","Task, User Task, Script Task, X, +",TRUE,TRUE,TRUE,TRUE,FALSE,,,,FALSE,,Data-Based Routing,FALSE,TRUE,TRUE,FALSE,TRUE,Case Study,FALSE,TRUE,TRUE,FALSE,FALSE,TRUE,FALSE,"Allows the modeling of Fungible and Non-Fungible Tokens (ERC-20/72 compatible) through a Registry component, which they introduce as a custom BPMN object. The registry supports access control but there is no resource allocation for tasks. They compare the cast gost with the mean and median gas cost of Google BigQuery's Ethereum dataset (they find theirs is about 8% higher). They include their evaluation setup which enables to replicate it. ",TRUE
TRUE,10,nakamuraInterorganizationalBusinessProcesses2018a,2018,"H Nakamura, K Miyamoto, M Kudo",Inter-organizational business processes managed by blockchain,Inter-organizational business processes managed by blockchain,10.1007/978-3-030-02922-7_1,,MDE,Hyperledger Chaincode,"BPMN Process diagram, Statechart","Swimlane, Task, X",TRUE,FALSE,FALSE,FALSE,FALSE,Unclear,,,FALSE,,Naive Routing,FALSE,FALSE,TRUE,FALSE,FALSE,Case Study,FALSE,FALSE,TRUE,FALSE,FALSE,FALSE,FALSE,"Transforms a BPMN like process model into statechart models, which are then interpreted. Cost is evaluated in terms of transitions requrie, that is, the size of the state transition system.",TRUE
TRUE,11,lopez-pintadoInterpretedExecutionBusiness2019a,2019,"O López-Pintado, M Dumas…",Interpreted execution of business process models on blockchain,Interpreted execution of business process models on blockchain,,Caterpillar,MDE,Ethereum Smart Contract,"BPMN Process diagram, Binding Policy","Swimlane, Task, User, Script, Service Task, Parallel and Sequential, X, +, O, Event-based, Message and Signal Events, Throwing and Catching, Boundary interrupting and noninterrupting. ",TRUE,TRUE,TRUE,TRUE,TRUE,Dynamic,Run Time,1-1,TRUE,,Data-Based Routing,FALSE,FALSE,TRUE,FALSE,TRUE,Case Study,FALSE,FALSE,TRUE,FALSE,FALSE,FALSE,TRUE,"Based on dynamic role binding Caterpillar. In principal model adaptaion at run time is possible, but it is neither guaranteed to be consistent nor does it enforce agreement, this is left as future work, which is done in the journal paper.",TRUE
FALSE,,,2020,"P Rimba, AB Tran, I Weber, M Staples…",Quantifying the cost of distrust: Comparing blockchain and cloud services for business process execution,,,,,,,,FALSE,FALSE,FALSE,FALSE,FALSE,,,,FALSE,,,FALSE,FALSE,FALSE,FALSE,FALSE,,FALSE,FALSE,FALSE,FALSE,FALSE,FALSE,FALSE,,
FALSE,,,2018,"W Chen, X Liang, J Li, H Qin, Y Mu…",Blockchain based provenance sharing of scientific workflows,,,,,,,,FALSE,FALSE,FALSE,FALSE,FALSE,,,,FALSE,,,FALSE,FALSE,FALSE,FALSE,FALSE,,FALSE,FALSE,FALSE,FALSE,FALSE,FALSE,FALSE,,
FALSE,,,2018,"S Tönnissen, F Teuteberg",Using blockchain technology for business processes in purchasing− concept and case study-based evidence,,,,,,,,FALSE,FALSE,FALSE,FALSE,FALSE,,,,FALSE,,,FALSE,FALSE,FALSE,FALSE,FALSE,,FALSE,FALSE,FALSE,FALSE,FALSE,FALSE,FALSE,,
FALSE,,,2018,"H Johng, D Kim, T Hill, L Chung",Using blockchain to enhance the trustworthiness of business processes: a goal-oriented approach,,,,,,,,FALSE,FALSE,FALSE,FALSE,FALSE,,,,FALSE,,,FALSE,FALSE,FALSE,FALSE,FALSE,,FALSE,FALSE,FALSE,FALSE,FALSE,FALSE,FALSE,,
FALSE,,,2018,"B Carminati, E Ferrari…",Blockchain as a platform for secure inter-organizational business processes,,,,,,,,FALSE,FALSE,FALSE,FALSE,FALSE,,,,FALSE,,,FALSE,FALSE,FALSE,FALSE,FALSE,,FALSE,FALSE,FALSE,FALSE,FALSE,FALSE,FALSE,,
FALSE,,,2020,"F Guggenmos, J Lockl, A Rieger…",How to develop a GDPR-compliant blockchain solution for cross-organizational workflow management: evidence from the German asylum procedure,,,,,,,,FALSE,FALSE,FALSE,FALSE,FALSE,,,,FALSE,,,FALSE,FALSE,FALSE,FALSE,FALSE,,FALSE,FALSE,FALSE,FALSE,FALSE,FALSE,FALSE,,
FALSE,,,2020,"M Alles, GL Gray",“The first mile problem”: Deriving an endogenous demand for auditing in blockchain-based business processes,,,,,,,,FALSE,FALSE,FALSE,FALSE,FALSE,,,,FALSE,,,FALSE,FALSE,FALSE,FALSE,FALSE,,FALSE,FALSE,FALSE,FALSE,FALSE,FALSE,FALSE,,
TRUE,12,corradiniEngineeringTrustableAuditable2022a,2022,"F Corradini, A Marcelletti, A Morichetta…",Engineering Trustable and Auditable Choreography-based Systems Using Blockchain,Engineering Trustable and Auditable Choreography-based Systems Using Blockchain,10.1145/3505225,ChorChain,MDE,Ethereum Smart Contract,BPMN Choreography diagram,"Task, X, +, Event-based Gateway, Message",TRUE,TRUE,TRUE,TRUE,TRUE,Role-based,Instantiation,1-1,TRUE,,Data-Based Routing,FALSE,TRUE,TRUE,FALSE,TRUE,Case Study,FALSE,FALSE,TRUE,FALSE,TRUE,TRUE,TRUE,Extended Version of Corradini2020(A10). Extends the process evaluation (called auditing) capabilites. Performed a usability study based on interviews. Should be bundled with other work as this does not introduce anything new in our taxonomy.,TRUE
TRUE,13,lopez-pintadoControlledFlexibilityBlockchainbased2022a,2022,"O López-Pintado, M Dumas, L García-Bañuelos…",Controlled flexibility in blockchain-based collaborative business processes,Controlled flexibility in blockchain-based collaborative business processes,,Caterpillar,MDE,Ethereum Smart Contract,"BPMN Process diagram, Binding and Agreement Policies","Swimlane, Task, User, Script, Service Task, Parallel and Sequential, X, +, Event-based, Message and Signal Events, Throwing and Catching, Boundary interrupting and noninterrupting. ",TRUE,TRUE,TRUE,TRUE,TRUE,Dynamic,Run Time,1-1,TRUE,"Looseness, Adaptation",Data-Based Routing,FALSE,FALSE,TRUE,FALSE,TRUE,Case Study,FALSE,FALSE,TRUE,FALSE,FALSE,FALSE,TRUE,Journal paper and extension to dynamic role binding paper. Based on the compiled version of Caterpillar. ,TRUE
FALSE,,,2018,F Härer,Decentralized Business Process Modeling and Instance Tracking Secured by a Blockchain.,,,,,,,,FALSE,FALSE,FALSE,FALSE,FALSE,,,,FALSE,,,FALSE,FALSE,FALSE,FALSE,FALSE,,FALSE,FALSE,FALSE,FALSE,FALSE,FALSE,FALSE,,
TRUE,14,mercenneBlockchainStudioRolebased2018a,2018,"L Mercenne, KL Brousmiche…",Blockchain studio: a role-based business workflows management system,Blockchain studio: a role-based business workflows management system,,Caterpillar,MDE,Ethereum Smart Contract,BPMN Process diagram,"Swimlane, Task, User, Script, Service Task, Parallel and Sequential, X, +, Event-based, Message and Signal Events, Throwing and Catching, Boundary interrupting and noninterrupting. ",TRUE,TRUE,TRUE,TRUE,TRUE,Role-based,Run Time,,TRUE,,Data-Based Routing,FALSE,FALSE,TRUE,FALSE,TRUE,Case Study,FALSE,FALSE,TRUE,FALSE,FALSE,FALSE,FALSE,Fork of Caterpillar to enable resource perspective. They only consider human resources and integrate their implementation only with user tasks. They compare productivity in terms of development time and cost in terms of gas with a manually created approach. ,TRUE
FALSE,,,2018,"J Mendling, I Weber, WVD Aalst, JV Brocke…",Blockchains for business process management-challenges and opportunities,,10.1145/3183367,,,,,,FALSE,FALSE,FALSE,FALSE,FALSE,,,,FALSE,,,FALSE,FALSE,FALSE,FALSE,FALSE,,FALSE,FALSE,FALSE,FALSE,FALSE,FALSE,FALSE,,
FALSE,,,2020,"A Ruggeri, M Fazio, A Celesti, M Villari",Blockchain-based healthcare workflows in federated hospital clouds,,,,,,,,FALSE,FALSE,FALSE,FALSE,FALSE,,,,FALSE,,,FALSE,FALSE,FALSE,FALSE,FALSE,,FALSE,FALSE,FALSE,FALSE,FALSE,FALSE,FALSE,,
TRUE,15,silvaDecentralizedEnforcementBusiness2019,2019,"D Silva, S Guerreiro, P Sousa",Decentralized enforcement of business process control using blockchain,Decentralized enforcement of business process control using blockchain,10.1007/978-3-030-06097-8_5,,Manual,Hyperledger Chaincode,Design and Engineering Methodology for Organizations,,FALSE,FALSE,FALSE,FALSE,TRUE,Role-based,Run Time,,TRUE,,Naive Routing,FALSE,FALSE,TRUE,FALSE,TRUE,Case Study,FALSE,FALSE,FALSE,FALSE,TRUE,FALSE,FALSE,Shows feasibility of a DEMO based approach.,TRUE
FALSE,,,2018,J Mendling,Towards blockchain support for business processes,,10.1007/978-3-319-94214-8_15,,,,,,FALSE,FALSE,FALSE,FALSE,FALSE,,,,FALSE,,,FALSE,FALSE,FALSE,FALSE,FALSE,,FALSE,FALSE,FALSE,FALSE,FALSE,FALSE,FALSE,,
FALSE,,,2020,"M Müller, N Ostern, M Rosemann",Silver bullet for all trust issues? blockchain-based trust patterns for collaborative business processes,,10.1007/978-3-030-58779-6_1,,,,,,FALSE,FALSE,FALSE,FALSE,FALSE,,,,FALSE,,,FALSE,FALSE,FALSE,FALSE,FALSE,,FALSE,FALSE,FALSE,FALSE,FALSE,FALSE,FALSE,,
FALSE,,,2022,"M Kherbouche, G Pisoni, B Molnár",Model to Program and Blockchain Approaches for Business Processes and Workflows in Finance,,,,,,,,FALSE,FALSE,FALSE,FALSE,FALSE,,,,FALSE,,,FALSE,FALSE,FALSE,FALSE,FALSE,,FALSE,FALSE,FALSE,FALSE,FALSE,FALSE,FALSE,,
FALSE,,,2017,"G Fridgen, B Sablowsky, N Urbach",Implementation of a blockchain workflow management prototype,,,,,,,,FALSE,FALSE,FALSE,FALSE,FALSE,,,,FALSE,,,FALSE,FALSE,FALSE,FALSE,FALSE,,FALSE,FALSE,FALSE,FALSE,FALSE,FALSE,FALSE,,
FALSE,,,2019,"JL Tilbury, E de la Rey…",Business process models of blockchain and South African real estate transactions,,,,,,,,FALSE,FALSE,FALSE,FALSE,FALSE,,,,FALSE,,,FALSE,FALSE,FALSE,FALSE,FALSE,,FALSE,FALSE,FALSE,FALSE,FALSE,FALSE,FALSE,,
FALSE,,,2019,"YV Vertakova, TA Golovina, AV Polyanin",Synergy of blockchain technologies and “big data” in business process management of economic systems,,,,,,,,FALSE,FALSE,FALSE,FALSE,FALSE,,,,FALSE,,,FALSE,FALSE,FALSE,FALSE,FALSE,,FALSE,FALSE,FALSE,FALSE,FALSE,FALSE,FALSE,,
TRUE,16,adamsFlexibleIntegrationBlockchain2020a,2020,"M Adams, S Suriadi, A Kumar…",Flexible integration of blockchain with business process automation: A federated architecture,Flexible integration of blockchain with business process automation: A federated architecture,10.1007/978-3-030-58135-0_1,,MDE,Hyperledger Chaincode,YAWL,,TRUE,FALSE,FALSE,FALSE,FALSE,,,,FALSE,,,FALSE,FALSE,TRUE,FALSE,TRUE,Case Study,FALSE,FALSE,FALSE,FALSE,TRUE,FALSE,TRUE,"A connector to Fabric for YAWL, implemented as a YAWL custom service.",TRUE
FALSE,,,2022,"W Viriyasitavat, Z Bi, D Hoonsopon",Blockchain technologies for interoperation of business processes in smart supply chains,,,,,,,,FALSE,FALSE,FALSE,FALSE,FALSE,,,,FALSE,,,FALSE,FALSE,FALSE,FALSE,FALSE,,FALSE,FALSE,FALSE,FALSE,FALSE,FALSE,FALSE,,
FALSE,,,2014,"P Snow, B Deery, J Lu, D Johnston…",Business processes secured by immutable audit trails on the blockchain,,,,,,,,FALSE,FALSE,FALSE,FALSE,FALSE,,,,FALSE,,,FALSE,FALSE,FALSE,FALSE,FALSE,,FALSE,FALSE,FALSE,FALSE,FALSE,FALSE,FALSE,,
TRUE,17,meroniTrustedArtifactDrivenProcess2019,2019,"G Meroni, P Plebani, F Vona",Trusted artifact-driven process monitoring of multi-party business processes with blockchain,Trusted artifact-driven process monitoring of multi-party business processes with blockchain,10.1007/978-3-030-30429-4_5,,Manual,Ethereum Smart Contract,Extended-Guard-Stage-Milestone,,FALSE,FALSE,FALSE,FALSE,TRUE,Direct,Instantiation,,FALSE,Looseness,,FALSE,FALSE,TRUE,TRUE,TRUE,Case Study,FALSE,TRUE,TRUE,FALSE,TRUE,TRUE,TRUE,"Includes a 5 block reorder buffer to tackle non-finality: transaction may be reordered, may arrive out of order. Thet include resource (smart object) addresses, but they do not enforce anything as state updates are only recorded.",TRUE
FALSE,,,2019,"M Li, GQ Huang",Blockchain-enabled workflow management system for fine-grained resource sharing in E-commerce logistics,,,,,,,,FALSE,FALSE,FALSE,FALSE,FALSE,,,,FALSE,,,FALSE,FALSE,FALSE,FALSE,FALSE,,FALSE,FALSE,FALSE,FALSE,FALSE,FALSE,FALSE,,
TRUE,18,alvesExploringBlockchainTechnology2020a,2020,"PHC Alves, R Paskin, IZ Frajhof, YR Miranda…",Exploring Blockchain Technology to Improve Multi-party Relationship in Business Process Management Systems.,Exploring Blockchain Technology to Improve Multi-party Relationship in Business Process Management Systems.,,,MDE,Hyperledger Chaincode,"BPMN Process diagram, DMN decision table",Unclear,TRUE,FALSE,FALSE,TRUE,FALSE,,,,FALSE,,,FALSE,FALSE,TRUE,FALSE,TRUE,Case Study,FALSE,FALSE,FALSE,FALSE,TRUE,FALSE,TRUE,Integrates with Camund to persist process traces and data on the blockchain. Evaluates the feasability. ,TRUE
TRUE,19,klingerUpgradeabilityConceptCollaborative2020a,2020,"P Klinger, L Nguyen, F Bodendorf",Upgradeability Concept for Collaborative Blockchain-Based Business Process Execution Framework,Upgradeability Concept for Collaborative Blockchain-Based Business Process Execution Framework,10.1007/978-3-030-59638-5_9,Klinger et al.,MDE,Ethereum Smart Contract,BPMN Collaboration diagram,Unclear,Unclear,FALSE,FALSE,FALSE,FALSE,Role-based,Run Time,,TRUE,Evolution,Naive Routing,FALSE,FALSE,TRUE,FALSE,FALSE,Case Study,FALSE,FALSE,TRUE,FALSE,FALSE,FALSE,FALSE,"Introduces a versioning system, new versions can be voted on.",TRUE
FALSE,,,2019,"J Evermann, H Kim",Workflow Management on the Blockchain---Implications and Recommendations,,,,,,,,FALSE,FALSE,FALSE,FALSE,FALSE,,,,FALSE,,,FALSE,FALSE,FALSE,FALSE,FALSE,,FALSE,FALSE,FALSE,FALSE,FALSE,FALSE,FALSE,,
FALSE,,,2019,"J Köpke, M Franceschetti, J Eder",Balancing privity and enforceability of bpm-based smart contracts on blockchains,,10.1007/978-3-030-30429-4_7,,,,,,FALSE,FALSE,FALSE,FALSE,FALSE,,,,FALSE,,,FALSE,FALSE,FALSE,FALSE,FALSE,,FALSE,FALSE,FALSE,FALSE,FALSE,FALSE,FALSE,,
FALSE,,,2021,"A Lakhan, MA Mohammed, S Kozlov…",Mobile‐fog‐cloud assisted deep reinforcement learning and blockchain‐enable IoMT system for healthcare workflows,,,,,,,,FALSE,FALSE,FALSE,FALSE,FALSE,,,,FALSE,,,FALSE,FALSE,FALSE,FALSE,FALSE,,FALSE,FALSE,FALSE,FALSE,FALSE,FALSE,FALSE,,
FALSE,,,2020,"H Johng, D Kim, G Park, JE Hong, T Hill…",Enhancing business processes with trustworthiness using blockchain: a goal-oriented approach,,10.1145/3341105.3374022,,,,,,FALSE,FALSE,FALSE,FALSE,FALSE,,,,FALSE,,,FALSE,FALSE,FALSE,FALSE,FALSE,,FALSE,FALSE,FALSE,FALSE,FALSE,FALSE,FALSE,,
FALSE,,,2020,Y Piao,Case studies to determine the effect of applying blockchain technology and building information modeling on the workflow of water infrastructure projects,,,,,,,,FALSE,FALSE,FALSE,FALSE,FALSE,,,,FALSE,,,FALSE,FALSE,FALSE,FALSE,FALSE,,FALSE,FALSE,FALSE,FALSE,FALSE,FALSE,FALSE,,
FALSE,,,2021,"A Demichev, A Kryukov, N Prikhod'ko","… process engineering for data storing and processing in a collaborative distributed environment based on provenance metadata, smart contracts and blockchain …",,,,,,,,FALSE,FALSE,FALSE,FALSE,FALSE,,,,FALSE,,,FALSE,FALSE,FALSE,FALSE,FALSE,,FALSE,FALSE,FALSE,FALSE,FALSE,FALSE,FALSE,,
FALSE,,,2019,SB Kahyaoğlu,An analysis on the implementation of new approaches and techniques in the auditing of business processes based on blockchain technologies,,,,,,,,FALSE,FALSE,FALSE,FALSE,FALSE,,,,FALSE,,,FALSE,FALSE,FALSE,FALSE,FALSE,,FALSE,FALSE,FALSE,FALSE,FALSE,FALSE,FALSE,,
FALSE,,,2018,"V Pourheidari, S Rouhani…",A case study of execution of untrusted business process on permissioned blockchain,,,,,,,,FALSE,FALSE,FALSE,FALSE,FALSE,,,,FALSE,,,FALSE,FALSE,FALSE,FALSE,FALSE,,FALSE,FALSE,FALSE,FALSE,FALSE,FALSE,FALSE,,
FALSE,,,2021,"L Spalazzi, F Spegni, A Corneli…",Blockchain based choreographies: The construction industry case study,,,,,,,,FALSE,FALSE,FALSE,FALSE,FALSE,,,,FALSE,,,FALSE,FALSE,FALSE,FALSE,FALSE,,FALSE,FALSE,FALSE,FALSE,FALSE,FALSE,FALSE,,
FALSE,,,2020,"A Akhtar, B Shafiq, J Vaidya, A Afzal…",Blockchain based auditable access control for distributed business processes,,,,,,,,FALSE,FALSE,FALSE,FALSE,FALSE,,,,FALSE,,,FALSE,FALSE,FALSE,FALSE,FALSE,,FALSE,FALSE,FALSE,FALSE,FALSE,FALSE,FALSE,,
FALSE,,,2022,"I Sarker, B Datta",Re-designing the pension business processes for achieving technology-driven reforms through blockchain adoption: A proposed architecture,,,,,,,,FALSE,FALSE,FALSE,FALSE,FALSE,,,,FALSE,,,FALSE,FALSE,FALSE,FALSE,FALSE,,FALSE,FALSE,FALSE,FALSE,FALSE,FALSE,FALSE,,
FALSE,,,2022,"C Di Ciccio, G Meroni, P Plebani",On the adoption of blockchain for business process monitoring,,10.1007/s10270-021-00959-x,,,,,,FALSE,FALSE,FALSE,FALSE,FALSE,,,,FALSE,,,FALSE,FALSE,FALSE,FALSE,FALSE,,FALSE,FALSE,FALSE,FALSE,FALSE,FALSE,FALSE,,
FALSE,,,2020,"S Heister, V LoRusso, K Yuthas",Blockchain systems and their potential impact on business processes,,,,,,,,FALSE,FALSE,FALSE,FALSE,FALSE,,,,FALSE,,,FALSE,FALSE,FALSE,FALSE,FALSE,,FALSE,FALSE,FALSE,FALSE,FALSE,FALSE,FALSE,,
FALSE,,,2017,"T Hukkinen, J Mattila, T Seppälä",Distributed workflow management with smart contracts,,,,,,,,FALSE,FALSE,FALSE,FALSE,FALSE,,,,FALSE,,,FALSE,FALSE,FALSE,FALSE,FALSE,,FALSE,FALSE,FALSE,FALSE,FALSE,FALSE,FALSE,,
FALSE,,,2018,"J Mendling, G Decker, R Hull, HA Reijers…","How do machine learning, robotic process automation, and blockchains affect the human factor in business process management?",,,,,,,,FALSE,FALSE,FALSE,FALSE,FALSE,,,,FALSE,,,FALSE,FALSE,FALSE,FALSE,FALSE,,FALSE,FALSE,FALSE,FALSE,FALSE,FALSE,FALSE,,
FALSE,,,2021,"DV Lyridis, GO Andreadis, C Papaleonidas…",A BPM-based framework for the impact assessment of blockchain to the midstream LNG supply chain,,,,,,,,FALSE,FALSE,FALSE,FALSE,FALSE,,,,FALSE,,,FALSE,FALSE,FALSE,FALSE,FALSE,,FALSE,FALSE,FALSE,FALSE,FALSE,FALSE,FALSE,,
FALSE,,,2020,"CD Ciccio, G Meroni, P Plebani",Business process monitoring on blockchains: Potentials and challenges,,10.1007/978-3-030-49418-6_3,,,,,,FALSE,FALSE,FALSE,FALSE,FALSE,,,,FALSE,,,FALSE,FALSE,FALSE,FALSE,FALSE,,FALSE,FALSE,FALSE,FALSE,FALSE,FALSE,FALSE,,
FALSE,,,2019,"D Fernando, S Kulshrestha, JD Herath…",Sciblock: A blockchain-based tamper-proof non-repudiable storage for scientific workflow provenance,,,,,,,,FALSE,FALSE,FALSE,FALSE,FALSE,,,,FALSE,,,FALSE,FALSE,FALSE,FALSE,FALSE,,FALSE,FALSE,FALSE,FALSE,FALSE,FALSE,FALSE,,
FALSE,,,2016,NEWS WALES,Using blockchain to enable untrusted business process monitoring and execution,,,,,,,,FALSE,FALSE,FALSE,FALSE,FALSE,,,,FALSE,,,FALSE,FALSE,FALSE,FALSE,FALSE,,FALSE,FALSE,FALSE,FALSE,FALSE,FALSE,FALSE,,
FALSE,,,2020,"R Coelho, R Braga, JMN David…",Blockchain for reliability in collaborative scientific workflows on cloud platforms,,,,,,,,FALSE,FALSE,FALSE,FALSE,FALSE,,,,FALSE,,,FALSE,FALSE,FALSE,FALSE,FALSE,,FALSE,FALSE,FALSE,FALSE,FALSE,FALSE,FALSE,,
FALSE,,,2021,"W Chen, SM Bohloul, Y Ma, L Li",A blockchain-based information management system for academic institutions: a case study of international students' workflow,,,,,,,,FALSE,FALSE,FALSE,FALSE,FALSE,,,,FALSE,,,FALSE,FALSE,FALSE,FALSE,FALSE,,FALSE,FALSE,FALSE,FALSE,FALSE,FALSE,FALSE,,
FALSE,,,2021,"I Abunadi, RL Kumar","Blockchain and Business Process Management in Health Care, Especially for COVID-19 Cases",,,,,,,,FALSE,FALSE,FALSE,FALSE,FALSE,,,,FALSE,,,FALSE,FALSE,FALSE,FALSE,FALSE,,FALSE,FALSE,FALSE,FALSE,FALSE,FALSE,FALSE,,
FALSE,,,2019,S Haarmann,Estimating the Duration of Blockchain-Based Business Processes Using Simulation.,,,,,,,,FALSE,FALSE,FALSE,FALSE,FALSE,,,,FALSE,,,FALSE,FALSE,FALSE,FALSE,FALSE,,FALSE,FALSE,FALSE,FALSE,FALSE,FALSE,FALSE,,
FALSE,,,2019,"Y Fang, X Tang, M Pan, Y Yu",A workflow interoperability approach based on blockchain,,10.1007/978-3-030-38651-1_24,,,,,,FALSE,FALSE,FALSE,FALSE,FALSE,,,,FALSE,,,FALSE,FALSE,FALSE,FALSE,FALSE,,FALSE,FALSE,FALSE,FALSE,FALSE,FALSE,FALSE,,
TRUE,20,lichtensteinDataDrivenProcessChoreography2020,2020,"T Lichtenstein, S Siegert, A Nikaj, M Weske",Data-driven process choreography execution on the blockchain: a focus on blockchain data reusability,Data-driven process choreography execution on the blockchain: a focus on blockchain data reusability,10.1007/978-3-030-53337-3_17,,MDE,Ethereum Smart Contract,BPMN Choreography diagram with type and postcondition annotation,Unclear,FALSE,FALSE,FALSE,FALSE,FALSE,,,,FALSE,,Data-Based Routing,FALSE,FALSE,TRUE,FALSE,TRUE,Case Study,FALSE,FALSE,TRUE,FALSE,FALSE,TRUE,TRUE,Allows re-use of data but requires an additional modelling paradigm that requires the explicit modelling of postcondition states for each activity. ,TRUE
FALSE,,,2019,"S Migliorini, M Gambini, C Combi…",The rise of enforceable business processes from the hashes of blockchain-based smart contracts,,10.1007/978-3-030-20618-5_9,,,,,,FALSE,FALSE,FALSE,FALSE,FALSE,,,,FALSE,,,FALSE,FALSE,FALSE,FALSE,FALSE,,FALSE,FALSE,FALSE,FALSE,FALSE,FALSE,FALSE,,
FALSE,,,2019,"Z Xu, Q Geng, H Cao, C Wang, X Liu",Uncertainty-aware workflow migration among edge nodes based on blockchain,,,,,,,,FALSE,FALSE,FALSE,FALSE,FALSE,,,,FALSE,,,FALSE,FALSE,FALSE,FALSE,FALSE,,FALSE,FALSE,FALSE,FALSE,FALSE,FALSE,FALSE,,
FALSE,,,2020,"F Milani, L García-Bañuelos, HA Reijers, L Stepanyan",Business Process Redesign Heuristics for Blockchain Solutions.,,,,,,,,FALSE,FALSE,FALSE,FALSE,FALSE,,,,FALSE,,,FALSE,FALSE,FALSE,FALSE,FALSE,,FALSE,FALSE,FALSE,FALSE,FALSE,FALSE,FALSE,,
FALSE,,,2021,"A Corneli, B Naticchia, F Spegni, L Spalazzi",COMBINING BLOCKCHAIN AND BPMN CHOREOGRAPHIES FOR CONSTRUCTION MANAGEMENT,,,,,,,,FALSE,FALSE,FALSE,FALSE,FALSE,,,,FALSE,,,FALSE,FALSE,FALSE,FALSE,FALSE,,FALSE,FALSE,FALSE,FALSE,FALSE,FALSE,FALSE,,
TRUE,21,morales-sandovalBlockchainSupportExecution2021a,2021,"M Morales-Sandoval, JA Molina…","Blockchain support for execution, monitoring and discovery of inter-organizational business processes","Blockchain support for execution, monitoring and discovery of inter-organizational business processes",,,MDE,Ethereum Smart Contract,BPMN Collaboration diagram,"Pools, Lanes, Tasks, X, +, O",TRUE,FALSE,FALSE,FALSE,FALSE,Role-based,Instantiation,1-1,TRUE,,Data-Based Routing,FALSE,FALSE,TRUE,FALSE,FALSE,Case Study,FALSE,TRUE,FALSE,FALSE,FALSE,TRUE,TRUE,"Allows XOR conditions but not storage of instance data. Data for conditions are supplied on task execution, per task (task data). A full list of supported BPMN elements is taken from the source code. repository (/smart contracts/...sol; line 202). It creates a process mining-ready on-chain event log. Evaluation is based on process mining metrics.",TRUE
TRUE,22,evermannWorkflowManagementProofofWork2021a,2021,"J Evermann, H Kim",Workflow Management on Proof-of-Work Blockchains: Implications and Recommendations,Workflow Management on Proof-of-Work Blockchains: Implications and Recommendations,10.1007/s42979-020-00387-6,,MDE,Bitcoin-based PoW Chain,Petri net,,TRUE,TRUE,FALSE,FALSE,FALSE,,,,FALSE,,Naive Routing,FALSE,FALSE,TRUE,TRUE,TRUE,Assertion,FALSE,FALSE,TRUE,FALSE,TRUE,FALSE,TRUE,"Cost in terms of CPU time needed to mine. Resource allocation is only enforced locally at each node, no on-chain enforcement. Adoptes existing WfMS system locally and connects them using a custom bitcoin-based blockchain.",TRUE
FALSE,,,2019,"A Meironke, T Seyffarth, J Damarowsky",Business Process Compliance and Blockchain: How Does the Ethereum Blockchain Address Challenges of Business Process Compliance?,,,,,,,,FALSE,FALSE,FALSE,FALSE,FALSE,,,,FALSE,,,FALSE,FALSE,FALSE,FALSE,FALSE,,FALSE,FALSE,FALSE,FALSE,FALSE,FALSE,FALSE,,
FALSE,,,2021,"K Wittek, N Wittek, J Lawton, I Dohndorf…",A Blockchain-Based Approach to Provenance and Reproducibility in Research Workflows,,,,,,,,FALSE,FALSE,FALSE,FALSE,FALSE,,,,FALSE,,,FALSE,FALSE,FALSE,FALSE,FALSE,,FALSE,FALSE,FALSE,FALSE,FALSE,FALSE,FALSE,,
FALSE,,,2021,"T Sato, T Shimosawa, Y Himura",OpsSC: Decentralized Blockchain Network Operation Workflow for Hyperledger Fabric,,,,,,,,FALSE,FALSE,FALSE,FALSE,FALSE,,,,FALSE,,,FALSE,FALSE,FALSE,FALSE,FALSE,,FALSE,FALSE,FALSE,FALSE,FALSE,FALSE,FALSE,,
FALSE,,,2021,"J Heiss, A Busse, S Tai",Trustworthy Pre-processing of Sensor Data in Data On-Chaining Workflows for Blockchain-Based IoT Applications,,,,,,,,FALSE,FALSE,FALSE,FALSE,FALSE,,,,FALSE,,,FALSE,FALSE,FALSE,FALSE,FALSE,,FALSE,FALSE,FALSE,FALSE,FALSE,FALSE,FALSE,,
FALSE,,,2021,"AA Simaremare, IA Aditya, FN Haryadi…",Suitability study of Blockchain application in electric utility company business processes,,,,,,,,FALSE,FALSE,FALSE,FALSE,FALSE,,,,FALSE,,,FALSE,FALSE,FALSE,FALSE,FALSE,,FALSE,FALSE,FALSE,FALSE,FALSE,FALSE,FALSE,,
FALSE,,,2020,"I Garfatta, K Klai, M Graïet, W Gaaloul",Blockchain-based business processes: A solidity-to-cpn formal verification approach,,,,,,,,FALSE,FALSE,FALSE,FALSE,FALSE,,,,FALSE,,,FALSE,FALSE,FALSE,FALSE,FALSE,,FALSE,FALSE,FALSE,FALSE,FALSE,FALSE,FALSE,,
FALSE,,,2020,"MS Al-Rakhami, M Al-Mashari","Blockchain and internet of things for business process management: theory, challenges, and key success factors",,,,,,,,FALSE,FALSE,FALSE,FALSE,FALSE,,,,FALSE,,,FALSE,FALSE,FALSE,FALSE,FALSE,,FALSE,FALSE,FALSE,FALSE,FALSE,FALSE,FALSE,,
FALSE,,,2019,R Zhao,An empirical analysis of supply chain BPM model based on blockchain and IoT integrated system,,,,,,,,FALSE,FALSE,FALSE,FALSE,FALSE,,,,FALSE,,,FALSE,FALSE,FALSE,FALSE,FALSE,,FALSE,FALSE,FALSE,FALSE,FALSE,FALSE,FALSE,,
FALSE,,,2018,"F Milani, L Garcia-Banuelos",Blockchain and principles of business process re-engineering for process innovation,,,,,,,,FALSE,FALSE,FALSE,FALSE,FALSE,,,,FALSE,,,FALSE,FALSE,FALSE,FALSE,FALSE,,FALSE,FALSE,FALSE,FALSE,FALSE,FALSE,FALSE,,
FALSE,,,2021,"A Mohammed, A Almousa, A Ghaithan, LA Hadidi",The Role of Blockchain in Improving the Processes and Workflows in Construction Projects,,,,,,,,FALSE,FALSE,FALSE,FALSE,FALSE,,,,FALSE,,,FALSE,FALSE,FALSE,FALSE,FALSE,,FALSE,FALSE,FALSE,FALSE,FALSE,FALSE,FALSE,,
TRUE,23,loukilDecentralizedCollaborativeBusiness2021a,2021,"F Loukil, K Boukadi, M Abed, C Ghedira-Guegan",Decentralized collaborative business process execution using blockchain,Decentralized collaborative business process execution using blockchain,10.1007/s11280-021-00901-7,,MDE,Ethereum Smart Contract,BPMN Choreography diagram,"Task, +, O, Sub-Process",FALSE,FALSE,FALSE,FALSE,FALSE,Role-based,Run Time,1-1,TRUE,,Naive Routing,FALSE,FALSE,TRUE,FALSE,FALSE,Case Study,FALSE,TRUE,TRUE,FALSE,TRUE,FALSE,FALSE,Open source repository link given but not available/reachable.  ,TRUE
FALSE,,,2022,"H Ritchi, A Bandana, Z Adrianto, A Alfian",Permissioned blockchain for business process visibility: A case of expenditure cycle,,,,,,,,FALSE,FALSE,FALSE,FALSE,FALSE,,,,FALSE,,,FALSE,FALSE,FALSE,FALSE,FALSE,,FALSE,FALSE,FALSE,FALSE,FALSE,FALSE,FALSE,,
FALSE,,,2019,"B Kumalakov, Y Shakan, M Nakibayeva",Business processes and chains of Kazakhstan how do organisations start blockchain projects and evolve throughout?,,,,,,,,FALSE,FALSE,FALSE,FALSE,FALSE,,,,FALSE,,,FALSE,FALSE,FALSE,FALSE,FALSE,,FALSE,FALSE,FALSE,FALSE,FALSE,FALSE,FALSE,,
FALSE,,,2018,"O López-Pintado, L García-Bañuelos…",Business process execution on blockchain,,,,,,,,FALSE,FALSE,FALSE,FALSE,FALSE,,,,FALSE,,,FALSE,FALSE,FALSE,FALSE,FALSE,,FALSE,FALSE,FALSE,FALSE,FALSE,FALSE,FALSE,,
FALSE,,,2019,"J Evermann, H Kim",Workflow Management on BFT Blockchains,,,,,,,,FALSE,FALSE,FALSE,FALSE,FALSE,,,,FALSE,,,FALSE,FALSE,FALSE,FALSE,FALSE,,FALSE,FALSE,FALSE,FALSE,FALSE,FALSE,FALSE,,
FALSE,,,2019,MEM van Wingerde,Towards Inter-Organizational Business Process Governance through Blockchain.,,,,,,,,FALSE,FALSE,FALSE,FALSE,FALSE,,,,FALSE,,,FALSE,FALSE,FALSE,FALSE,FALSE,,FALSE,FALSE,FALSE,FALSE,FALSE,FALSE,FALSE,,
FALSE,,,2020,"MS Rahman, I Khalil, A Bouras",Formalizing Dynamic Behaviors of Smart Contract Workflow in Smart Healthcare Supply Chain,,,,,,,,FALSE,FALSE,FALSE,FALSE,FALSE,,,,FALSE,,,FALSE,FALSE,FALSE,FALSE,FALSE,,FALSE,FALSE,FALSE,FALSE,FALSE,FALSE,FALSE,,
FALSE,,,2021,"F Milani, L Garcia-Banuelos, S Filipova…",Modelling blockchain-based business processes: a comparative analysis of BPMN vs CMMN,,,,,,,,FALSE,FALSE,FALSE,FALSE,FALSE,,,,FALSE,,,FALSE,FALSE,FALSE,FALSE,FALSE,,FALSE,FALSE,FALSE,FALSE,FALSE,FALSE,FALSE,,
FALSE,,,2020,"MEM van Wingerde, H Weigand",An ontological analysis of artifact-centric business processes managed by smart contracts,,,,,,,,FALSE,FALSE,FALSE,FALSE,FALSE,,,,FALSE,,,FALSE,FALSE,FALSE,FALSE,FALSE,,FALSE,FALSE,FALSE,FALSE,FALSE,FALSE,FALSE,,
TRUE,24,corradiniModeldrivenEngineeringMultiparty2021a,2021,"F Corradini, A Marcelletti, A Morichetta, A Polini…",Model-driven engineering for multi-party business processes on multiple blockchains,Model-driven engineering for multi-party business processes on multiple blockchains,,ChorChain,MDE,"Ethereum Smart Contract, Hyperledger Chaincode",BPMN Choreography diagram,"Task, X, +, Event-based Gateway, Message",FALSE,TRUE,TRUE,TRUE,TRUE,Role-based,Instantiation,1-1,TRUE,,Data-Based Routing,FALSE,TRUE,TRUE,FALSE,TRUE,Case Study,TRUE,FALSE,TRUE,FALSE,TRUE,FALSE,FALSE,"Builds on previous work above, should be grouped together; also includes the optional roles as described above. They test latency, but for Ethereum, they do not state or discuss how many blocks they wait.",TRUE
FALSE,,,2020,"C Lauster, P Klinger, N Schwab, F Bodendorf",Literature Review Linking Blockchain and Business Process Management,,,,,,,,FALSE,FALSE,FALSE,FALSE,FALSE,,,,FALSE,,,FALSE,FALSE,FALSE,FALSE,FALSE,,FALSE,FALSE,FALSE,FALSE,FALSE,FALSE,FALSE,,
TRUE,25,evermannAdaptingWorkflowManagement2020a,2020,J Evermann,Adapting Workflow Management Systems to BFT Blockchains–The YAWL Example,Adapting Workflow Management Systems to BFT Blockchains–The YAWL Example,,,MDE,BFT-Smart-based P2P network,YAWL,,TRUE,TRUE,TRUE,TRUE,FALSE,,,,FALSE,,Naive Routing,FALSE,FALSE,TRUE,TRUE,TRUE,Assertion,FALSE,FALSE,FALSE,FALSE,TRUE,FALSE,TRUE,"In principal, data-based routing is possible in YAWL; however, it is not described in this paper if this aspect has been adopted and how.",TRUE
FALSE,,,2019,"M Markovska, FP Milani, L Garcia-Banuelos",Modelling Business Processes on a Blockchain Eco-System (BPMN),,,,,,,,FALSE,FALSE,FALSE,FALSE,FALSE,,,,FALSE,,,FALSE,FALSE,FALSE,FALSE,FALSE,,FALSE,FALSE,FALSE,FALSE,FALSE,FALSE,FALSE,,
FALSE,,,2021,"C Gómez, FJ Pérez Blanco, JM Vara, V De Castro…",Design and development of Smart Contracts for E-government through Value and Business Process Modeling,,,,,,,,FALSE,FALSE,FALSE,FALSE,FALSE,,,,FALSE,,,FALSE,FALSE,FALSE,FALSE,FALSE,,FALSE,FALSE,FALSE,FALSE,FALSE,FALSE,FALSE,,
FALSE,,,2021,KB Yue,"A Blockchain-Inspired, Multi-Layered Transaction Model for Business Process Modeling",,,,,,,,FALSE,FALSE,FALSE,FALSE,FALSE,,,,FALSE,,,FALSE,FALSE,FALSE,FALSE,FALSE,,FALSE,FALSE,FALSE,FALSE,FALSE,FALSE,FALSE,,
FALSE,,,2018,C Cavaliere,A case study on the exploration of Blockchain potential: An exploratory research on the impact of the technology on business process and value configuration of a mid …,,,,,,,,FALSE,FALSE,FALSE,FALSE,FALSE,,,,FALSE,,,FALSE,FALSE,FALSE,FALSE,FALSE,,FALSE,FALSE,FALSE,FALSE,FALSE,FALSE,FALSE,,
FALSE,,,2022,"H Gao, B Zhong",A blockchain-based framework for supporting BIM-based building code compliance checking workflow,,,,,,,,FALSE,FALSE,FALSE,FALSE,FALSE,,,,FALSE,,,FALSE,FALSE,FALSE,FALSE,FALSE,,FALSE,FALSE,FALSE,FALSE,FALSE,FALSE,FALSE,,
FALSE,,,2021,"A Belhi, H Gasmi, A Hammi, A Bouras, B Aouni…",A Broker-Based Manufacturing Supply Chain Integration with Blockchain: Managing Odoo Workflows Using Hyperledger Fabric Smart Contracts,,,,,,,,FALSE,FALSE,FALSE,FALSE,FALSE,,,,FALSE,,,FALSE,FALSE,FALSE,FALSE,FALSE,,FALSE,FALSE,FALSE,FALSE,FALSE,FALSE,FALSE,,
FALSE,,,2020,"C Rondanini, B Carminati, F Daidone…",Blockchain-based controlled information sharing in inter-organizational workflows,,,,,,,,FALSE,FALSE,FALSE,FALSE,FALSE,,,,FALSE,,,FALSE,FALSE,FALSE,FALSE,FALSE,,FALSE,FALSE,FALSE,FALSE,FALSE,FALSE,FALSE,,
FALSE,,,2020,"V Posea, C Niţu, C Damian, A Panu…",GDPR compliant recruitment platform using smart contracts and executable choreographies,,,,,,,,FALSE,FALSE,FALSE,FALSE,FALSE,,,,FALSE,,,FALSE,FALSE,FALSE,FALSE,FALSE,,FALSE,FALSE,FALSE,FALSE,FALSE,FALSE,FALSE,,
FALSE,,,2019,G Hofbauer,Blockchain applications in business processes exemplified for procurement,,,,,,,,FALSE,FALSE,FALSE,FALSE,FALSE,,,,FALSE,,,FALSE,FALSE,FALSE,FALSE,FALSE,,FALSE,FALSE,FALSE,FALSE,FALSE,FALSE,FALSE,,
FALSE,,,2017,N van de Luijtgaarden,Optimizing the core business processes of financial asset management companies using blockchain technology,,,,,,,,FALSE,FALSE,FALSE,FALSE,FALSE,,,,FALSE,,,FALSE,FALSE,FALSE,FALSE,FALSE,,FALSE,FALSE,FALSE,FALSE,FALSE,FALSE,FALSE,,
FALSE,,,2020,M Bertolini,Enforcing commitments with blockchain: an approach to generate smart contracts for choreographed business processes,,,,,,,,FALSE,FALSE,FALSE,FALSE,FALSE,,,,FALSE,,,FALSE,FALSE,FALSE,FALSE,FALSE,,FALSE,FALSE,FALSE,FALSE,FALSE,FALSE,FALSE,,
FALSE,,,2021,"A Bagozi, D Bianchini, VD Antonellis, M Garda…",A Blockchain-Based Approach for Trust Management in Collaborative Business Processes,,,,,,,,FALSE,FALSE,FALSE,FALSE,FALSE,,,,FALSE,,,FALSE,FALSE,FALSE,FALSE,FALSE,,FALSE,FALSE,FALSE,FALSE,FALSE,FALSE,FALSE,,
FALSE,,,2019,D Peherstorfer,BIM and blockchain: a decentralized solution for a change management workflow in construction projects,,,,,,,,FALSE,FALSE,FALSE,FALSE,FALSE,,,,FALSE,,,FALSE,FALSE,FALSE,FALSE,FALSE,,FALSE,FALSE,FALSE,FALSE,FALSE,FALSE,FALSE,,
FALSE,,,2021,P Edrud,"Improving BPM with Blockchain Technology: Benefits, costs, criteria & barriers",,,,,,,,FALSE,FALSE,FALSE,FALSE,FALSE,,,,FALSE,,,FALSE,FALSE,FALSE,FALSE,FALSE,,FALSE,FALSE,FALSE,FALSE,FALSE,FALSE,FALSE,,
FALSE,,,2021,E Fernando,The Business Process of Good Manufacturing Practice Based on Blockchain Technology in the Pharmaceutical Industry,,,,,,,,FALSE,FALSE,FALSE,FALSE,FALSE,,,,FALSE,,,FALSE,FALSE,FALSE,FALSE,FALSE,,FALSE,FALSE,FALSE,FALSE,FALSE,FALSE,FALSE,,
FALSE,,,2019,"OV Boychenko, IV Gavrikov",Potential Applications of Smart Contract Technology in Corporate Business Processes,,,,,,,,FALSE,FALSE,FALSE,FALSE,FALSE,,,,FALSE,,,FALSE,FALSE,FALSE,FALSE,FALSE,,FALSE,FALSE,FALSE,FALSE,FALSE,FALSE,FALSE,,
FALSE,,,2020,"L Argento, S Graziano, A Garro, A Guzzo, F Pasqua…",A Simulation-based and Data-driven Framework for Enabling the Analysis and Design of Business Processes based on Blockchain and Smart Contracts …,,,,,,,,FALSE,FALSE,FALSE,FALSE,FALSE,,,,FALSE,,,FALSE,FALSE,FALSE,FALSE,FALSE,,FALSE,FALSE,FALSE,FALSE,FALSE,FALSE,FALSE,,
FALSE,,,2019,"X Xu, Q Geng, H Cao, R Mo, S Wan, L Qi…",Blockchain-powered service migration for uncertainty-aware workflows in edge computing,,,,,,,,FALSE,FALSE,FALSE,FALSE,FALSE,,,,FALSE,,,FALSE,FALSE,FALSE,FALSE,FALSE,,FALSE,FALSE,FALSE,FALSE,FALSE,FALSE,FALSE,,
FALSE,,,2019,"DN Treku, J Sun",Adaptive Workflow Design Based on Blockchain,,10.1007/978-3-030-19504-5_19,,,,,,FALSE,FALSE,FALSE,FALSE,FALSE,,,,FALSE,,,FALSE,FALSE,FALSE,FALSE,FALSE,,FALSE,FALSE,FALSE,FALSE,FALSE,FALSE,FALSE,,
FALSE,,,2020,"SL Guerreiro, D Silva, T Rosado…",Decentralized Business Process Control using Blockchain,,,,,,,,FALSE,FALSE,FALSE,FALSE,FALSE,,,,FALSE,,,FALSE,FALSE,FALSE,FALSE,FALSE,,FALSE,FALSE,FALSE,FALSE,FALSE,FALSE,FALSE,,
FALSE,,,2022,K Odachi,Securing Business Processes Using Blockchain Technology: A Case Study of Hydrocarbon Accounting Processes.,,,,,,,,FALSE,FALSE,FALSE,FALSE,FALSE,,,,FALSE,,,FALSE,FALSE,FALSE,FALSE,FALSE,,FALSE,FALSE,FALSE,FALSE,FALSE,FALSE,FALSE,,
FALSE,,,2021,HM Johng,"Improving Business Processes Using Blockchain, Microservices, or Cloud Computing: A Goal-Oriented Approach",,,,,,,,FALSE,FALSE,FALSE,FALSE,FALSE,,,,FALSE,,,FALSE,FALSE,FALSE,FALSE,FALSE,,FALSE,FALSE,FALSE,FALSE,FALSE,FALSE,FALSE,,
FALSE,,,2020,"U Sengupta, H Kim","Business Process Transformation in Natural Resources Development Using Blockchain: Indigenous Entrepreneurship, Trustless Technology, and Rebuilding Trust",,,,,,,,FALSE,FALSE,FALSE,FALSE,FALSE,,,,FALSE,,,FALSE,FALSE,FALSE,FALSE,FALSE,,FALSE,FALSE,FALSE,FALSE,FALSE,FALSE,FALSE,,
FALSE,,,2020,TG Shul'zhenko,Methodological approach to the reengineering of logistics business processes in the transport chains with the implementation of smart contracts,,,,,,,,FALSE,FALSE,FALSE,FALSE,FALSE,,,,FALSE,,,FALSE,FALSE,FALSE,FALSE,FALSE,,FALSE,FALSE,FALSE,FALSE,FALSE,FALSE,FALSE,,
FALSE,,,2021,"X Zhang, T Liu, A Rahman",Leveraging blockchain for prefabricated construction supply chain management–A conceptual workflow framework,,,,,,,,FALSE,FALSE,FALSE,FALSE,FALSE,,,,FALSE,,,FALSE,FALSE,FALSE,FALSE,FALSE,,FALSE,FALSE,FALSE,FALSE,FALSE,FALSE,FALSE,,
FALSE,,,2018,C Udokwu,Securing Cross-Organizational Business Process with Blockchain Enabled Smart Contract,,,,,,,,FALSE,FALSE,FALSE,FALSE,FALSE,,,,FALSE,,,FALSE,FALSE,FALSE,FALSE,FALSE,,FALSE,FALSE,FALSE,FALSE,FALSE,FALSE,FALSE,,
FALSE,,,2021,"S Patnaik, TS Wang, T Shen, SK Panigrahi",Blockchain Technology and Innovations in Business Processes,,,,,,,,FALSE,FALSE,FALSE,FALSE,FALSE,,,,FALSE,,,FALSE,FALSE,FALSE,FALSE,FALSE,,FALSE,FALSE,FALSE,FALSE,FALSE,FALSE,FALSE,,
FALSE,,,2021,"I Garfatta, K Klai, M Graïet, W Gaaloul",Model Checking of Solidity Smart Contracts Adopted for Business Processes,,,,,,,,FALSE,FALSE,FALSE,FALSE,FALSE,,,,FALSE,,,FALSE,FALSE,FALSE,FALSE,FALSE,,FALSE,FALSE,FALSE,FALSE,FALSE,FALSE,FALSE,,
FALSE,,,2021,"JG Enríquez, S Debois, P Fettke, P Plebani…","Business Process Management: Blockchain and Robotic Process Automation Forum: BPM 2021 Blockchain and RPA Forum, Rome, Italy, September 6-10 …",,,,,,,,FALSE,FALSE,FALSE,FALSE,FALSE,,,,FALSE,,,FALSE,FALSE,FALSE,FALSE,FALSE,,FALSE,FALSE,FALSE,FALSE,FALSE,FALSE,FALSE,,
FALSE,,,2018,SMK Sigurjonsson,Blockchain Use for Data Provenance in Scientific Workflow,,,,,,,,FALSE,FALSE,FALSE,FALSE,FALSE,,,,FALSE,,,FALSE,FALSE,FALSE,FALSE,FALSE,,FALSE,FALSE,FALSE,FALSE,FALSE,FALSE,FALSE,,
TRUE,26,evermannWorkflowManagementBFT2020a,2020,"J Evermann, H Kim",Workflow Management on BFT Blockchains,Workflow Management on BFT Blockchains,,,MDE,BFT-Smart-based P2P network,Petri net,,TRUE,TRUE,FALSE,FALSE,FALSE,,,,FALSE,,Naive Routing,FALSE,FALSE,TRUE,TRUE,TRUE,Assertion,FALSE,FALSE,FALSE,TRUE,TRUE,FALSE,TRUE,Adoptes existing WfMS system locally and connects them using a custom BFT-based blockchain.,TRUE
FALSE,,,2021,EE Maggini,RESHAPING ORGANIZATIONAL PROCESSES AND WORKFLOWS THROUGH INTEGRATION OF BLOCKCHAIN TECHNOLOGY,,,,,,,,FALSE,FALSE,FALSE,FALSE,FALSE,,,,FALSE,,,FALSE,FALSE,FALSE,FALSE,FALSE,,FALSE,FALSE,FALSE,FALSE,FALSE,FALSE,FALSE,,
FALSE,,,2019,JL Tilbury,A Business Process Model for Blockchain-based South African Real Estate Transactions,,,,,,,,FALSE,FALSE,FALSE,FALSE,FALSE,,,,FALSE,,,FALSE,FALSE,FALSE,FALSE,FALSE,,FALSE,FALSE,FALSE,FALSE,FALSE,FALSE,FALSE,,
FALSE,,,2019,"M Jin, C Dou, P Pan, M Wan, B Sun…",A Blockchain-Based IoT Workflow Management Approach,,10.1007/978-981-15-7530-3_48,,,,,,FALSE,FALSE,FALSE,FALSE,FALSE,,,,FALSE,,,FALSE,FALSE,FALSE,FALSE,FALSE,,FALSE,FALSE,FALSE,FALSE,FALSE,FALSE,FALSE,,
TRUE,27,naganoRELIABLEARCHITECTURECROSS2020a,2020,"H Nagano, T Shimosawa, A Shimamura…",RELIABLE ARCHITECTURE OF CROSS ORGANIZATIONAL WORKFLOW MANAGEMENT SYSTEM ON BLOCKCHAIN.,RELIABLE ARCHITECTURE OF CROSS ORGANIZATIONAL WORKFLOW MANAGEMENT SYSTEM ON BLOCKCHAIN.,,,Manual,Hyperledger Chaincode,Undescribed,,FALSE,TRUE,TRUE,FALSE,TRUE,,,,FALSE,,Naive Routing,FALSE,FALSE,TRUE,FALSE,TRUE,Assertion,FALSE,FALSE,FALSE,FALSE,TRUE,FALSE,FALSE,"Journal paper of ID 29, does not introudce anything new. Evaluates based on a security analysis (non-formal).",FALSE
FALSE,,,2021,OL Pintado,Challenges of Blockchain-Based Collaborative Business Processes: An Overview of the Caterpillar System,,,,,,,,FALSE,FALSE,FALSE,FALSE,FALSE,,,,FALSE,,,FALSE,FALSE,FALSE,FALSE,FALSE,,FALSE,FALSE,FALSE,FALSE,FALSE,FALSE,FALSE,,
FALSE,,,2021,"MS Rahman, I Khalil, A Bouras",A Framework for Modelling Blockchain based Supply Chain Management System to ensure soundness of Smart Contract Workflow,,,,,,,,FALSE,FALSE,FALSE,FALSE,FALSE,,,,FALSE,,,FALSE,FALSE,FALSE,FALSE,FALSE,,FALSE,FALSE,FALSE,FALSE,FALSE,FALSE,FALSE,,
FALSE,,,2020,E Pedercini,The impact of blockchain and distributed ledger technologies on business processes. An analysis of implementations and use cases in different sectors,,,,,,,,FALSE,FALSE,FALSE,FALSE,FALSE,,,,FALSE,,,FALSE,FALSE,FALSE,FALSE,FALSE,,FALSE,FALSE,FALSE,FALSE,FALSE,FALSE,FALSE,,
FALSE,,,2019,"M Jurgelaitis, R Butkienė, E Vaičiukynas…",Modelling principles for blockchain-based implementation of business or scientific processes,,,,,,,,FALSE,FALSE,FALSE,FALSE,FALSE,,,,FALSE,,,FALSE,FALSE,FALSE,FALSE,FALSE,,FALSE,FALSE,FALSE,FALSE,FALSE,FALSE,FALSE,,
TRUE,28,brahemRunningTransactionalBusiness2020a,2020,"A Brahem, N Messai, Y Sam, S Bhiri…",Running transactional business processes with blockchain's smart contracts,Running transactional business processes with blockchain's smart contracts,,Caterpillar,MDE,Ethereum Smart Contract,"Transactional Business Processes, BPMN Process diagram","Swimlane, Task, User, Script, Service Task, Parallel and Sequential, X, +, Event-based, Message and Signal Events, Throwing and Catching, Boundary interrupting and noninterrupting. ",TRUE,TRUE,TRUE,TRUE,TRUE,,,,FALSE,,Data-Based Routing,FALSE,FALSE,TRUE,FALSE,TRUE,Assertion,FALSE,FALSE,FALSE,FALSE,FALSE,FALSE,FALSE,Extension of Caterpillar for Transactional Business Processes. The implementation is not well explained and the linked source code is not available (404). Evaluation is only by discussing the implementation feasability. ,TRUE
FALSE,,,2020,J Köpke,Towards Modeling Privity and Enforceability Requirements for BPM based Smart Contracts,,,,,,,,FALSE,FALSE,FALSE,FALSE,FALSE,,,,FALSE,,,FALSE,FALSE,FALSE,FALSE,FALSE,,FALSE,FALSE,FALSE,FALSE,FALSE,FALSE,FALSE,,
FALSE,,,2019,"V Vasiuta, M Buniak",Blockchain technology in the workflow system of higher education institutions,,,,,,,,FALSE,FALSE,FALSE,FALSE,FALSE,,,,FALSE,,,FALSE,FALSE,FALSE,FALSE,FALSE,,FALSE,FALSE,FALSE,FALSE,FALSE,FALSE,FALSE,,
FALSE,,,2017,"M Kherbouche, G Pisoni, B Molnár","Model to Program and Blockchain Approaches for Business Processes and Workflows in Finance. Appl. Syst. Innov. 2022, 1, 0",,,,,,,,FALSE,FALSE,FALSE,FALSE,FALSE,,,,FALSE,,,FALSE,FALSE,FALSE,FALSE,FALSE,,FALSE,FALSE,FALSE,FALSE,FALSE,FALSE,FALSE,,
FALSE,,,,"J Evermann, H Kim",SMaRt Blockchain Distributed Workflow Management,,,,,,,,FALSE,FALSE,FALSE,FALSE,FALSE,,,,FALSE,,,FALSE,FALSE,FALSE,FALSE,FALSE,,FALSE,FALSE,FALSE,FALSE,FALSE,FALSE,FALSE,,
FALSE,,,2021,"F Corradini, A Marcelletti, A Morichetta, A Polini, B Re…",ChorChain: A Model-Driven Framework for Choreography-Based Systems Using Blockchain,ChorChain: A Model-Driven Framework for Choreography-Based Systems Using Blockchain,,,,,,,FALSE,FALSE,FALSE,FALSE,FALSE,,,,FALSE,,,FALSE,FALSE,FALSE,FALSE,FALSE,,FALSE,FALSE,FALSE,FALSE,FALSE,FALSE,FALSE,,
FALSE,,,,"DV Lyridis, GO Andreadis, C Papaleonidas, V Tsiampa",A NOVEL METHODOLOGY USING BPM TO ASSESS THE IMPLEMENTATION OF BLOCKCHAIN IN THE MIDSTREAM LNG SUPPLY CHAIN,,,,,,,,FALSE,FALSE,FALSE,FALSE,FALSE,,,,FALSE,,,FALSE,FALSE,FALSE,FALSE,FALSE,,FALSE,FALSE,FALSE,FALSE,FALSE,FALSE,FALSE,,
FALSE,,,2021,"D Aloini, E Benevento, A Stefanini…",Blockchain-Driven Process Innovation in Healthcare Ecosystems: a Business Process Management Capabilities Analysis,,,,,,,,TRUE,FALSE,FALSE,FALSE,FALSE,,,,FALSE,,,FALSE,FALSE,FALSE,FALSE,FALSE,,FALSE,FALSE,FALSE,FALSE,FALSE,FALSE,FALSE,,
FALSE,,,2020,"V Wattana, XL Da, B Zhuming…",Correction to: Blockchain-based business process management (BPM) framework for service composition in industry 4.0,,,,,,,,TRUE,FALSE,FALSE,FALSE,FALSE,,,,FALSE,,,FALSE,FALSE,FALSE,FALSE,FALSE,,FALSE,FALSE,FALSE,FALSE,FALSE,FALSE,FALSE,,
FALSE,,,2019,M Ramachandran,Application of Business Process Modelling and Blockchain Technology for Financial Cloud,,,,,,,,FALSE,FALSE,FALSE,FALSE,FALSE,,,,FALSE,,,FALSE,FALSE,FALSE,FALSE,FALSE,,FALSE,FALSE,FALSE,FALSE,FALSE,FALSE,FALSE,,
TRUE,29,naganoBLOCKCHAINBASEDCROSSa,2020,"H Nagano, T Shimosawa, A Shimamura, N Komoda",BLOCKCHAIN BASED CROSS ORGANIZATIONAL WORKFLOW MANAGEMENT SYSTEM,BLOCKCHAIN BASED CROSS ORGANIZATIONAL WORKFLOW MANAGEMENT SYSTEM,,,Manual,Hyperledger Chaincode,Undescribed,,FALSE,TRUE,TRUE,FALSE,TRUE,,,,FALSE,,Naive Routing,FALSE,FALSE,TRUE,FALSE,TRUE,Assertion,FALSE,FALSE,FALSE,FALSE,TRUE,FALSE,FALSE,See ID 27,TRUE
FALSE,,,2019,M La Rosa,The Rise of Enforceable Business Processes from the Hashes of Blockchain-Based Smart Contracts,,,,,,,,FALSE,FALSE,FALSE,FALSE,FALSE,,,,FALSE,,,FALSE,FALSE,FALSE,FALSE,FALSE,,FALSE,FALSE,FALSE,FALSE,FALSE,FALSE,FALSE,,
FALSE,,,,"S MAHGOUB, R ALMOHAMMADI, M ALDRAMLEY",ANOVEL FRAMEWORK FOR BLOCKCHAIN ENABLED BUSINESS PROCESS,,,,,,,,FALSE,FALSE,FALSE,FALSE,FALSE,,,,FALSE,,,FALSE,FALSE,FALSE,FALSE,FALSE,,FALSE,FALSE,FALSE,FALSE,FALSE,FALSE,FALSE,,
FALSE,,,2019,P Alvina,Blockchain Technology Applications in the Business Processes of Logistics Enterprises: A study to explore improvements in Logistics Services Quality (LSQ) …,,,,,,,,FALSE,FALSE,FALSE,FALSE,FALSE,,,,FALSE,,,FALSE,FALSE,FALSE,FALSE,FALSE,,FALSE,FALSE,FALSE,FALSE,FALSE,FALSE,FALSE,,
FALSE,,,2018,B van Rossum,A blockchain-based business process to securitise mortgages,,,,,,,,FALSE,FALSE,FALSE,FALSE,FALSE,,,,FALSE,,,FALSE,FALSE,FALSE,FALSE,FALSE,,FALSE,FALSE,FALSE,FALSE,FALSE,FALSE,FALSE,,
FALSE,,,,M Melchiori,A Blockchain-Based Approach for Trust Management in Collaborative Business Processes,,,,,,,,FALSE,FALSE,FALSE,FALSE,FALSE,,,,FALSE,,,FALSE,FALSE,FALSE,FALSE,FALSE,,FALSE,FALSE,FALSE,FALSE,FALSE,FALSE,FALSE,,
FALSE,,,,V Pungpapong,Blockchain and Internet of Things for Modern Business Process in Digital Economy–The State of The Art,,,,,,,,FALSE,FALSE,FALSE,FALSE,FALSE,,,,FALSE,,,FALSE,FALSE,FALSE,FALSE,FALSE,,FALSE,FALSE,FALSE,FALSE,FALSE,FALSE,FALSE,,
FALSE,,,2019,S Kolhe,Blockchain Based Smart Contracts for Business Process Automation,,,,,,,,FALSE,FALSE,FALSE,FALSE,FALSE,,,,FALSE,,,FALSE,FALSE,FALSE,FALSE,FALSE,,FALSE,FALSE,FALSE,FALSE,FALSE,FALSE,FALSE,,
FALSE,,,,"S Chehbi-Gamoura, R Derrouiche, HI Koruca",Joining the Blockchain to Big Data for Intelligent Business Process Management,,,,,,,,FALSE,FALSE,FALSE,FALSE,FALSE,,,,FALSE,,,FALSE,FALSE,FALSE,FALSE,FALSE,,FALSE,FALSE,FALSE,FALSE,FALSE,FALSE,FALSE,,
FALSE,,,2020,"P Rimba, AB Tran, I Weber, M Staples…",Correction to: Quantifying the Cost of Distrust: Comparing Blockchain and Cloud Services for Business Process Execution,,,,,,,,FALSE,FALSE,FALSE,FALSE,FALSE,,,,FALSE,,,FALSE,FALSE,FALSE,FALSE,FALSE,,FALSE,FALSE,FALSE,FALSE,FALSE,FALSE,FALSE,,
FALSE,,,,"A Meironke, T Seyffarth, J Damarowsky",Business Process Compliance and Blockchain: How Does the Ethereum Blockchain Address Challenges in the Field of Business Process Compliance?,,,,,,,,TRUE,FALSE,FALSE,FALSE,FALSE,,,,FALSE,,,FALSE,FALSE,FALSE,FALSE,FALSE,,FALSE,FALSE,FALSE,FALSE,FALSE,FALSE,FALSE,,
FALSE,,,,F Pasqua,A simulation-based and data-driven framework for enabling the analysis and design of business processes based on blockchain and smart contracts solutions,,,,,,,,FALSE,FALSE,FALSE,FALSE,FALSE,,,,FALSE,,,FALSE,FALSE,FALSE,FALSE,FALSE,,FALSE,FALSE,FALSE,FALSE,FALSE,FALSE,FALSE,,
FALSE,,,,"S Ushnish, K Henry",BUSINESS PROCESS TRANSFORMATION IN NATURAL RESOURCES DEVELOPMENT USING BLOCKCHAIN: INDIGENOUS ENTREPRENEURSHIP …,,,,,,,,FALSE,FALSE,FALSE,FALSE,FALSE,,,,FALSE,,,FALSE,FALSE,FALSE,FALSE,FALSE,,FALSE,FALSE,FALSE,FALSE,FALSE,FALSE,FALSE,,
FALSE,,,2020,G Meroni,Trusted artifact-driven monitoring of business processes using blockchains,,,,,,,,TRUE,FALSE,FALSE,FALSE,FALSE,,,,FALSE,,,FALSE,FALSE,FALSE,FALSE,FALSE,,FALSE,FALSE,FALSE,FALSE,FALSE,FALSE,FALSE,,
FALSE,,,2018,R Collet,Smart Contracts: The Use of the Blockchain Technology in Trade Finance: What would be the impact of the Blockchain's implementation regarding the handling of …,,,,,,,,FALSE,FALSE,FALSE,FALSE,FALSE,,,,FALSE,,,FALSE,FALSE,FALSE,FALSE,FALSE,,FALSE,FALSE,FALSE,FALSE,FALSE,FALSE,FALSE,,
FALSE,,,,C Prybila,""" Runtime Verification for Business Processes utilizing the Blockchain""; Betreuer/in (nen): S. Schulte; Institute of Information Systems, Distributed Systems Group, 2016; …",,,,,,,,FALSE,FALSE,FALSE,FALSE,FALSE,,,,FALSE,,,FALSE,FALSE,FALSE,FALSE,FALSE,,FALSE,FALSE,FALSE,FALSE,FALSE,FALSE,FALSE,,
FALSE,,,2021,S Waller,Blockchains–achieving consensus in oil and gas business processes,,,,,,,,FALSE,FALSE,FALSE,FALSE,FALSE,,,,FALSE,,,FALSE,FALSE,FALSE,FALSE,FALSE,,FALSE,FALSE,FALSE,FALSE,FALSE,FALSE,FALSE,,
FALSE,,,,"V dem Studium, I Studium, N dem Studium",Blockchain Technology in BPM (Wintersemester 2018/2019),,,,,,,,TRUE,FALSE,FALSE,FALSE,FALSE,,,,FALSE,,,FALSE,FALSE,FALSE,FALSE,FALSE,,FALSE,FALSE,FALSE,FALSE,FALSE,FALSE,FALSE,,
FALSE,,,,"V dem Studium, I Studium, N dem Studium",Process Choreographies on the Blockchain (Sommersemester 2019),,,,,,,,TRUE,FALSE,FALSE,FALSE,FALSE,,,,FALSE,,,FALSE,FALSE,FALSE,FALSE,FALSE,,FALSE,FALSE,FALSE,FALSE,FALSE,FALSE,FALSE,,
FALSE,,,2021,"V Ivković, I Luković",An Approach to Validation of Business-Oriented Smart Contracts Based on Process Mining,,,,,,,,TRUE,FALSE,FALSE,FALSE,FALSE,,,,FALSE,,,FALSE,FALSE,FALSE,FALSE,FALSE,,FALSE,FALSE,FALSE,FALSE,FALSE,FALSE,FALSE,,
FALSE,,,2022,"YI Koh, SH Han, J Park",A systematic process for generating new blockchain-service business model ideas,,,,,,,,FALSE,FALSE,FALSE,FALSE,FALSE,,,,FALSE,,,FALSE,FALSE,FALSE,FALSE,FALSE,,FALSE,FALSE,FALSE,FALSE,FALSE,FALSE,FALSE,,
FALSE,,,2020,"SB Rane, SV Thakker",Green procurement process model based on blockchain–IoT integrated architecture for a sustainable business,,,,,,,,FALSE,FALSE,FALSE,FALSE,FALSE,,,,FALSE,,,FALSE,FALSE,FALSE,FALSE,FALSE,,FALSE,FALSE,FALSE,FALSE,FALSE,FALSE,FALSE,,
FALSE,,,2019,C Schaubmeier,"Blockchain and Business Model Innovation: An analysis of opportunities and the innovation process/submitted by Christian Schaubmeier, BSc",,,,,,,,FALSE,FALSE,FALSE,FALSE,FALSE,,,,FALSE,,,FALSE,FALSE,FALSE,FALSE,FALSE,,FALSE,FALSE,FALSE,FALSE,FALSE,FALSE,FALSE,,
,,,,,,,,,,,,,,,,,,,,,,,,,,,,,,,,,,,,,,
,,,,,,,,,MDE,,,,,,,,,Direct,Run Time,,,Adaptation,Naive Routing,,,,,,Assertion,,,,,,,,,
,,,,,,,,,Manual,,,,,,,,,Role-based,Instantiation,,,Evolution,Data-Based Routing,,,,,,Case Study,,,,,,,,,
,,,,,,,,,,,,,,,,,,Dynamic,Run Time,,,,,,,,,,,,,,,,,,,
,,,,,,,,,,,,,,,,,,,,,,,,,,,,,,,,,,,,,,
,,,,,,,,,,,,,,,,,,,,,,,,,,,,,,,,,,,,,,
,,,,,,,,,,,,,,,,,,,,,,,,,,,,,,,,,,,,,,
,,,,,,,,,,,,,,,,,,,,,,,,,,,,,,,,,,,,,,
,,,,,,,,,,,,,,,,,,,,,,,,,,,,,,,,,,,,,,
,,,,,,,,,,,,,,,,,,,,,,,,,,,,,,,,,,,,,,
,,,,,,,,,,,,,,,,,,,,,,,,,,,,,,,,,,,,,,
,,,,,,,,,,,,,,,,,,,,,,,,,,,,,,,,,,,,,,
,,,,From Snowballing,,,,,,,,,,,,,,,,,,,,,,,,,,,,,,,,,,
,,,,,,,,,,,,,,,,,,,,,,,,,,,,,,,,,,,,,,
TRUE,30,klingerBlockchainbasedCrossOrganizationalExecution2020,2020,"P Klinger, F Bodendorf",Blockchain-based Cross-Organizational Execution Framework for Dynamic Integration of Process Collaborations,Blockchain-based Cross-Organizational Execution Framework for Dynamic Integration of Process Collaborations,,Klinger et al.,MDE,Ethereum Smart Contract,BPMN Collaboration diagram,Unclear,TRUE,FALSE,FALSE,FALSE,FALSE,Role-based,Run Time,Unclear,TRUE,,Naive Routing,FALSE,FALSE,TRUE,FALSE,FALSE,Case Study,FALSE,FALSE,TRUE,FALSE,FALSE,FALSE,FALSE,They include a voting based deployment protocol. The vote also includes agreement on the distribution of deployment cost.,TRUE
TRUE,31,sturmLeanArchitectureBlockchain2018,2018,"C Sturm, J Szalanczi, S Schönig, S Jablonski",A Lean Architecture for Blockchain Based Decentralized Process Execution ,A Lean Architecture for Blockchain Based Decentralized Process Execution ,,Sturm et al.,MDE,Ethereum Smart Contract,BPMN Process diagram,"Task, +, O",FALSE,FALSE,FALSE,FALSE,FALSE,Direct,Design Time,,TRUE,,Naive Routing,FALSE,FALSE,TRUE,FALSE,FALSE,Case Study,FALSE,FALSE,TRUE,FALSE,TRUE,FALSE,TRUE,Only the interreter smart contract is open sourced.,TRUE
TRUE,32,falaziProcessbasedCompositionPermissioned2019,2019,"G Falazi, M Hahn, U Breitenbücher, F Leymann, V Yussupov",Process-Based Composition of Permissioned and Permissionless Blockchain Smart Contracts,Process-Based Composition of Permissioned and Permissionless Blockchain Smart Contracts,,,Manual,"Ethereum Smart Contract, Hyperledger Chaincode, Bitcoin Transaction",BPMN Process diagram,Task,TRUE,FALSE,FALSE,FALSE,FALSE,,,,FALSE,,,FALSE,TRUE,TRUE,FALSE,FALSE,Case Study,FALSE,FALSE,FALSE,FALSE,TRUE,TRUE,TRUE,"Allows to model a blockchain task, which is run on the blockchain, this could be integrated into existing BPMS software and they show a demo with Camunda in their open source release. Consequently, there is no control flow enforcement, however, the task can enforce payments. Execution and Execution Trace of the singular tasks are captured. Group this together with ""Modeling and execution of blockchain-aware business processes"", which is the foundational paper focused on the modelling aspect.",TRUE
FALSE,,,,,An Architecture for Multi-chain Business Process Choreographies,,,,,,,,,,,,,,,,,,,,,,,,,,,,,,,,,
TRUE,33,sturmBlockchainbasedResourceawareProcess2019,2019,"C Sturm, J Scalanczi, S Schönig, S Jablonski ",A Blockchain-based and resource-aware process execution engine,A Blockchain-based and resource-aware process execution engine,,Sturm et al.,MDE,Ethereum Smart Contract,BPMN Collaboration diagram,"Task, +, O, X",FALSE,FALSE,FALSE,FALSE,FALSE,Role-based,Run Time,,TRUE,,Naive Routing,FALSE,FALSE,TRUE,FALSE,FALSE,Case Study,FALSE,FALSE,TRUE,FALSE,TRUE,FALSE,TRUE,"Claims that it supports XOR, but their XOR implementation does not conform to the standard, they do not implement the token game, and a taken XOR edge does not deactivate the other. The open source repository does only cover a partial part of the artifact presented. Finality only on a local private Ethereum instance with no information on the configuration of the network.",TRUE
TRUE,34,abidModellingExecutingTimeAware2020,2020,"Amal Abid, Saoussen Cheikhrouhou, Mohamed Jmaiel",Modelling and Executing Time-Aware Processes in Trustless Blockchain Environment,Modelling and Executing Time-Aware Processes in Trustless Blockchain Environment,https://doi.org/10.1007/978-3-030-41568-6_21,Caterpillar,MDE,Ethereum Smart Contract,BPMN Process diagram,"Swimlane, Task, User, Script, Service Task, Parallel and Sequential, X, +, Event-based, Message and Signal Events, Throwing and Catching, Boundary interrupting and noninterrupting, temporal constraints",TRUE,TRUE,TRUE,TRUE,TRUE,,,,FALSE,,Data-Based Routing,TRUE,FALSE,TRUE,FALSE,TRUE,Case Study,FALSE,FALSE,FALSE,FALSE,FALSE,TRUE,FALSE,Extension of Caterpillar to express temporal constraints based on the block timestamp.Evaluation by feasability.,TRUE
TRUE,35,osterlandImplementationBusinessProcess2020,2020,"T Osterland, T Rose, C Putschli",On the Implementation of Business Process Logic in DLT Nodes,On the Implementation of Business Process Logic in DLT Nodes,10.1145/3399871.3399899,,MDE,Custom Proof-of-Work Chain,Undescribed workflow model,,TRUE,FALSE,FALSE,FALSE,FALSE,Direct,Design Time,,TRUE,,Naive Routing,FALSE,FALSE,TRUE,FALSE,TRUE,Case Study,FALSE,TRUE,FALSE,TRUE,FALSE,FALSE,TRUE,Does not support splitting and merging the process flow,TRUE
,,,,,,,,,,,,,,,,,,,,,,,,,,,,,,,,,,,,,,
#REF!,,,,,#REF!,,,,,,,,,,,,,,,,,,,,,,,,,,,,,,,,,
,,,,,,,,,,,,,,,,,,,,,,,,,,,,,,,,,,,,,,
,,,,,,,,,,,,,,,,,,,,,,,,,,,,,,,,,,,,,,
,,,,,,,,,,,,,,,,,,,,,,,,,,,,,,,,,,,,,,
,,,,,,,,,,,,,,,,,,,,,,,,,,,,,,,,,,,,,,
,,,,,,,,,,,,,,,,,,,,,,,,,,,,,,,,,,,,,,
,,,,,,,,,,,,,,,,,,,,,,,,,,,,,,,,,,,,,,
,Count,,,36,,,,,,,,,,,,,,,,,,,,,,,,,,,,,,,,,,